{
  "view/App.view.xml": 1713274275132,
  "model/models.js": 1713274275040,
  "manifest.json": 1713275348954,
  "controller/View1.controller.js": 1713274275136,
  "controller/App.controller.js": 1713274275044,
  "Component.js": 1713274274992,
  "Component-preload.js": 1713275349293,
  "model/models-dbg.js": 1713274275040,
  "controller/View1-dbg.controller.js": 1713274275136,
  "controller/App-dbg.controller.js": 1713274275044,
  "Component-dbg.js": 1713274274992,
  "view/View1.view.xml": 1713274385474,
  "i18n/i18n.properties": 1713274275040,
  "css/style.css": 1713274275044,
  "index.html": 1713274274992
}